year,month,avg_amount,avg_taxes
2024,3,3086.71,422.5537
2024,4,1253.965,168.9762
2024,5,490.7,29.442
2024,6,1297.87333333,111.1432
2024,7,4174.995,415.1536
2024,8,1826.8475,220.30355
2024,9,2156.61,241.9341
2024,10,1288.92,224.575
2024,11,1527.73666667,178.221066667
2024,12,0.,0.
2025,1,1381.095,165.08525
